ip,port,result,classification,tls,cert_subject,cert_issuer,cert_valid_from,cert_valid_to,broker_error,sys_topic_count,regular_topic_count,retained_count,publishers,timestamp
192.168.100.25,1883,closed_or_unreachable,closed_or_unreachable,,,,,,,0,0,0,[],2026-01-14T18:23:57.778825
192.168.100.25,8883,closed_or_unreachable,closed_or_unreachable,,,,,,,0,0,0,[],2026-01-14T18:23:59.782704
192.168.100.19,1883,closed_or_unreachable,closed_or_unreachable,,,,,,,0,0,0,[],2026-01-14T18:23:57.777869
192.168.100.19,8883,closed_or_unreachable,closed_or_unreachable,,,,,,,0,0,0,[],2026-01-14T18:23:59.783081
192.168.100.4,1883,closed_or_unreachable,closed_or_unreachable,,,,,,,0,0,0,[],2026-01-14T18:23:57.779040
192.168.100.4,8883,closed_or_unreachable,closed_or_unreachable,,,,,,,0,0,0,[],2026-01-14T18:23:59.783178
192.168.100.30,1883,closed_or_unreachable,closed_or_unreachable,,,,,,,0,0,0,[],2026-01-14T18:23:57.781085
192.168.100.30,8883,closed_or_unreachable,closed_or_unreachable,,,,,,,0,0,0,[],2026-01-14T18:23:59.783477
192.168.100.3,1883,closed_or_unreachable,closed_or_unreachable,,,,,,,0,0,0,[],2026-01-14T18:23:57.781373
192.168.100.3,8883,closed_or_unreachable,closed_or_unreachable,,,,,,,0,0,0,[],2026-01-14T18:23:59.783511
192.168.100.2,1883,closed_or_unreachable,closed_or_unreachable,,,,,,,0,0,0,[],2026-01-14T18:23:57.779325
192.168.100.2,8883,closed_or_unreachable,closed_or_unreachable,,,,,,,0,0,0,[],2026-01-14T18:23:59.783695
192.168.100.12,1883,closed_or_unreachable,closed_or_unreachable,,,,,,,0,0,0,[],2026-01-14T18:23:57.779418
192.168.100.12,8883,closed_or_unreachable,closed_or_unreachable,,,,,,,0,0,0,[],2026-01-14T18:23:59.783873
192.168.100.5,1883,closed_or_unreachable,closed_or_unreachable,,,,,,,0,0,0,[],2026-01-14T18:23:57.780080
192.168.100.5,8883,closed_or_unreachable,closed_or_unreachable,,,,,,,0,0,0,[],2026-01-14T18:23:59.782653
192.168.100.37,1883,closed_or_unreachable,closed_or_unreachable,,,,,,,0,0,0,[],2026-01-14T18:23:57.779181
192.168.100.37,8883,closed_or_unreachable,closed_or_unreachable,,,,,,,0,0,0,[],2026-01-14T18:23:59.783838
192.168.100.35,1883,closed_or_unreachable,closed_or_unreachable,,,,,,,0,0,0,[],2026-01-14T18:23:57.779983
192.168.100.35,8883,closed_or_unreachable,closed_or_unreachable,,,,,,,0,0,0,[],2026-01-14T18:23:59.784008
192.168.100.28,1883,closed_or_unreachable,closed_or_unreachable,,,,,,,0,0,0,[],2026-01-14T18:23:57.778630
192.168.100.28,8883,closed_or_unreachable,closed_or_unreachable,,,,,,,0,0,0,[],2026-01-14T18:23:59.784058
192.168.100.17,1883,closed_or_unreachable,closed_or_unreachable,,,,,,,0,0,0,[],2026-01-14T18:23:57.777949
192.168.100.17,8883,closed_or_unreachable,closed_or_unreachable,,,,,,,0,0,0,[],2026-01-14T18:23:59.782490
192.168.100.27,1883,closed_or_unreachable,closed_or_unreachable,,,,,,,0,0,0,[],2026-01-14T18:23:57.779948
192.168.100.27,8883,closed_or_unreachable,closed_or_unreachable,,,,,,,0,0,0,[],2026-01-14T18:23:59.784298
192.168.100.15,1883,closed_or_unreachable,closed_or_unreachable,,,,,,,0,0,0,[],2026-01-14T18:23:57.780330
192.168.100.15,8883,closed_or_unreachable,closed_or_unreachable,,,,,,,0,0,0,[],2026-01-14T18:23:59.782599
192.168.100.32,1883,closed_or_unreachable,closed_or_unreachable,,,,,,,0,0,0,[],2026-01-14T18:23:57.777839
192.168.100.32,8883,closed_or_unreachable,closed_or_unreachable,,,,,,,0,0,0,[],2026-01-14T18:23:59.782930
192.168.100.39,1883,closed_or_unreachable,closed_or_unreachable,,,,,,,0,0,0,[],2026-01-14T18:23:57.779297
192.168.100.39,8883,closed_or_unreachable,closed_or_unreachable,,,,,,,0,0,0,[],2026-01-14T18:23:59.782890
192.168.100.14,1883,closed_or_unreachable,closed_or_unreachable,,,,,,,0,0,0,[],2026-01-14T18:23:57.779390
192.168.100.14,8883,closed_or_unreachable,closed_or_unreachable,,,,,,,0,0,0,[],2026-01-14T18:23:59.783024
192.168.100.8,1883,closed_or_unreachable,closed_or_unreachable,,,,,,,0,0,0,[],2026-01-14T18:23:57.778795
192.168.100.8,8883,closed_or_unreachable,closed_or_unreachable,,,,,,,0,0,0,[],2026-01-14T18:23:59.784712
192.168.100.21,1883,closed_or_unreachable,closed_or_unreachable,,,,,,,0,0,0,[],2026-01-14T18:23:57.778341
192.168.100.21,8883,closed_or_unreachable,closed_or_unreachable,,,,,,,0,0,0,[],2026-01-14T18:23:59.782978
192.168.100.38,1883,closed_or_unreachable,closed_or_unreachable,,,,,,,0,0,0,[],2026-01-14T18:23:57.780285
192.168.100.38,8883,closed_or_unreachable,closed_or_unreachable,,,,,,,0,0,0,[],2026-01-14T18:23:59.783267
192.168.100.1,1883,closed_or_unreachable,closed_or_unreachable,,,,,,,0,0,0,[],2026-01-14T18:23:57.777383
192.168.100.1,8883,closed_or_unreachable,closed_or_unreachable,,,,,,,0,0,0,[],2026-01-14T18:23:59.784868
192.168.100.11,1883,closed_or_unreachable,closed_or_unreachable,,,,,,,0,0,0,[],2026-01-14T18:23:57.779432
192.168.100.11,8883,closed_or_unreachable,closed_or_unreachable,,,,,,,0,0,0,[],2026-01-14T18:23:59.783372
192.168.100.23,1883,closed_or_unreachable,closed_or_unreachable,,,,,,,0,0,0,[],2026-01-14T18:23:57.779648
192.168.100.23,8883,closed_or_unreachable,closed_or_unreachable,,,,,,,0,0,0,[],2026-01-14T18:23:59.783601
192.168.100.29,1883,closed_or_unreachable,closed_or_unreachable,,,,,,,0,0,0,[],2026-01-14T18:23:57.778524
192.168.100.29,8883,closed_or_unreachable,closed_or_unreachable,,,,,,,0,0,0,[],2026-01-14T18:23:59.785062
192.168.100.7,1883,closed_or_unreachable,closed_or_unreachable,,,,,,,0,0,0,[],2026-01-14T18:23:57.779370
192.168.100.7,8883,closed_or_unreachable,closed_or_unreachable,,,,,,,0,0,0,[],2026-01-14T18:23:59.783806
192.168.100.20,1883,closed_or_unreachable,closed_or_unreachable,,,,,,,0,0,0,[],2026-01-14T18:23:57.779468
192.168.100.20,8883,closed_or_unreachable,closed_or_unreachable,,,,,,,0,0,0,[],2026-01-14T18:23:59.785178
192.168.100.34,1883,closed_or_unreachable,closed_or_unreachable,,,,,,,0,0,0,[],2026-01-14T18:23:57.779156
192.168.100.34,8883,closed_or_unreachable,closed_or_unreachable,,,,,,,0,0,0,[],2026-01-14T18:23:59.782560
192.168.100.22,1883,closed_or_unreachable,closed_or_unreachable,,,,,,,0,0,0,[],2026-01-14T18:23:57.778119
192.168.100.22,8883,closed_or_unreachable,closed_or_unreachable,,,,,,,0,0,0,[],2026-01-14T18:23:59.784354
192.168.100.10,1883,closed_or_unreachable,closed_or_unreachable,,,,,,,0,0,0,[],2026-01-14T18:23:57.777781
192.168.100.10,8883,closed_or_unreachable,closed_or_unreachable,,,,,,,0,0,0,[],2026-01-14T18:23:59.785449
192.168.100.18,1883,closed_or_unreachable,closed_or_unreachable,,,,,,,0,0,0,[],2026-01-14T18:23:57.779627
192.168.100.18,8883,closed_or_unreachable,closed_or_unreachable,,,,,,,0,0,0,[],2026-01-14T18:23:59.784503
192.168.100.24,1883,closed_or_unreachable,closed_or_unreachable,,,,,,,0,0,0,[],2026-01-14T18:23:57.777697
192.168.100.24,8883,closed_or_unreachable,closed_or_unreachable,,,,,,,0,0,0,[],2026-01-14T18:23:59.785529
192.168.100.13,1883,closed_or_unreachable,closed_or_unreachable,,,,,,,0,0,0,[],2026-01-14T18:23:57.781305
192.168.100.13,8883,closed_or_unreachable,closed_or_unreachable,,,,,,,0,0,0,[],2026-01-14T18:23:59.783411
192.168.100.6,1883,closed_or_unreachable,closed_or_unreachable,,,,,,,0,0,0,[],2026-01-14T18:23:57.780303
192.168.100.6,8883,closed_or_unreachable,closed_or_unreachable,,,,,,,0,0,0,[],2026-01-14T18:23:59.785139
192.168.100.31,1883,closed_or_unreachable,closed_or_unreachable,,,,,,,0,0,0,[],2026-01-14T18:23:57.778991
192.168.100.31,8883,closed_or_unreachable,closed_or_unreachable,,,,,,,0,0,0,[],2026-01-14T18:23:59.783569
192.168.100.36,1883,closed_or_unreachable,closed_or_unreachable,,,,,,,0,0,0,[],2026-01-14T18:23:57.781178
192.168.100.36,8883,closed_or_unreachable,closed_or_unreachable,,,,,,,0,0,0,[],2026-01-14T18:23:59.785248
192.168.100.33,1883,closed_or_unreachable,closed_or_unreachable,,,,,,,0,0,0,[],2026-01-14T18:23:57.780021
192.168.100.33,8883,closed_or_unreachable,closed_or_unreachable,,,,,,,0,0,0,[],2026-01-14T18:23:59.783960
192.168.100.9,1883,closed_or_unreachable,closed_or_unreachable,,,,,,,0,0,0,[],2026-01-14T18:23:57.780209
192.168.100.9,8883,closed_or_unreachable,closed_or_unreachable,,,,,,,0,0,0,[],2026-01-14T18:23:59.785366
192.168.100.16,1883,closed_or_unreachable,closed_or_unreachable,,,,,,,0,0,0,[],2026-01-14T18:23:57.777454
192.168.100.16,8883,closed_or_unreachable,closed_or_unreachable,,,,,,,0,0,0,[],2026-01-14T18:23:59.784436
192.168.100.26,1883,closed_or_unreachable,closed_or_unreachable,,,,,,,0,0,0,[],2026-01-14T18:23:57.778661
192.168.100.26,8883,closed_or_unreachable,closed_or_unreachable,,,,,,,0,0,0,[],2026-01-14T18:23:59.786056
192.168.100.54,1883,closed_or_unreachable,closed_or_unreachable,,,,,,,0,0,0,[],2026-01-14T18:23:57.792811
192.168.100.54,8883,closed_or_unreachable,closed_or_unreachable,,,,,,,0,0,0,[],2026-01-14T18:23:59.798396
192.168.100.56,1883,closed_or_unreachable,closed_or_unreachable,,,,,,,0,0,0,[],2026-01-14T18:23:57.792249
192.168.100.56,8883,closed_or_unreachable,closed_or_unreachable,,,,,,,0,0,0,[],2026-01-14T18:23:59.798676
192.168.100.63,1883,closed_or_unreachable,closed_or_unreachable,,,,,,,0,0,0,[],2026-01-14T18:23:57.793165
192.168.100.63,8883,closed_or_unreachable,closed_or_unreachable,,,,,,,0,0,0,[],2026-01-14T18:23:59.798949
192.168.100.66,1883,closed_or_unreachable,closed_or_unreachable,,,,,,,0,0,0,[],2026-01-14T18:23:57.793324
192.168.100.66,8883,closed_or_unreachable,closed_or_unreachable,,,,,,,0,0,0,[],2026-01-14T18:23:59.799282
192.168.100.42,1883,closed_or_unreachable,closed_or_unreachable,,,,,,,0,0,0,[],2026-01-14T18:23:57.793264
192.168.100.42,8883,closed_or_unreachable,closed_or_unreachable,,,,,,,0,0,0,[],2026-01-14T18:23:59.799482
192.168.100.44,1883,closed_or_unreachable,closed_or_unreachable,,,,,,,0,0,0,[],2026-01-14T18:23:57.793362
192.168.100.44,8883,closed_or_unreachable,closed_or_unreachable,,,,,,,0,0,0,[],2026-01-14T18:23:59.798759
192.168.100.64,1883,closed_or_unreachable,closed_or_unreachable,,,,,,,0,0,0,[],2026-01-14T18:23:57.794219
192.168.100.64,8883,closed_or_unreachable,closed_or_unreachable,,,,,,,0,0,0,[],2026-01-14T18:23:59.798514
192.168.100.40,1883,closed_or_unreachable,closed_or_unreachable,,,,,,,0,0,0,[],2026-01-14T18:23:57.792944
192.168.100.40,8883,closed_or_unreachable,closed_or_unreachable,,,,,,,0,0,0,[],2026-01-14T18:23:59.798723
192.168.100.49,1883,closed_or_unreachable,closed_or_unreachable,,,,,,,0,0,0,[],2026-01-14T18:23:57.792705
192.168.100.49,8883,closed_or_unreachable,closed_or_unreachable,,,,,,,0,0,0,[],2026-01-14T18:23:59.799813
192.168.100.58,1883,closed_or_unreachable,closed_or_unreachable,,,,,,,0,0,0,[],2026-01-14T18:23:57.793010
192.168.100.58,8883,closed_or_unreachable,closed_or_unreachable,,,,,,,0,0,0,[],2026-01-14T18:23:59.799348
192.168.100.60,1883,closed_or_unreachable,closed_or_unreachable,,,,,,,0,0,0,[],2026-01-14T18:23:57.793113
192.168.100.60,8883,closed_or_unreachable,closed_or_unreachable,,,,,,,0,0,0,[],2026-01-14T18:23:59.800042
192.168.100.52,1883,closed_or_unreachable,closed_or_unreachable,,,,,,,0,0,0,[],2026-01-14T18:23:57.793573
192.168.100.52,8883,closed_or_unreachable,closed_or_unreachable,,,,,,,0,0,0,[],2026-01-14T18:23:59.800227
192.168.100.41,1883,closed_or_unreachable,closed_or_unreachable,,,,,,,0,0,0,[],2026-01-14T18:23:57.792199
192.168.100.41,8883,closed_or_unreachable,closed_or_unreachable,,,,,,,0,0,0,[],2026-01-14T18:23:59.798246
192.168.100.46,1883,closed_or_unreachable,closed_or_unreachable,,,,,,,0,0,0,[],2026-01-14T18:23:57.792522
192.168.100.46,8883,closed_or_unreachable,closed_or_unreachable,,,,,,,0,0,0,[],2026-01-14T18:23:59.798335
192.168.100.51,1883,closed_or_unreachable,closed_or_unreachable,,,,,,,0,0,0,[],2026-01-14T18:23:57.793539
192.168.100.51,8883,closed_or_unreachable,closed_or_unreachable,,,,,,,0,0,0,[],2026-01-14T18:23:59.798904
192.168.100.62,1883,closed_or_unreachable,closed_or_unreachable,,,,,,,0,0,0,[],2026-01-14T18:23:57.794622
192.168.100.62,8883,closed_or_unreachable,closed_or_unreachable,,,,,,,0,0,0,[],2026-01-14T18:23:59.799315
192.168.100.45,1883,closed_or_unreachable,closed_or_unreachable,,,,,,,0,0,0,[],2026-01-14T18:23:57.792466
192.168.100.45,8883,closed_or_unreachable,closed_or_unreachable,,,,,,,0,0,0,[],2026-01-14T18:23:59.800607
192.168.100.61,1883,closed_or_unreachable,closed_or_unreachable,,,,,,,0,0,0,[],2026-01-14T18:23:57.792377
192.168.100.61,8883,closed_or_unreachable,closed_or_unreachable,,,,,,,0,0,0,[],2026-01-14T18:23:59.800729
192.168.100.59,1883,closed_or_unreachable,closed_or_unreachable,,,,,,,0,0,0,[],2026-01-14T18:23:57.793049
192.168.100.59,8883,closed_or_unreachable,closed_or_unreachable,,,,,,,0,0,0,[],2026-01-14T18:23:59.799935
192.168.100.50,1883,closed_or_unreachable,closed_or_unreachable,,,,,,,0,0,0,[],2026-01-14T18:23:57.792638
192.168.100.50,8883,closed_or_unreachable,closed_or_unreachable,,,,,,,0,0,0,[],2026-01-14T18:23:59.800156
192.168.100.67,1883,closed_or_unreachable,closed_or_unreachable,,,,,,,0,0,0,[],2026-01-14T18:23:57.792427
192.168.100.67,8883,closed_or_unreachable,closed_or_unreachable,,,,,,,0,0,0,[],2026-01-14T18:23:59.798990
192.168.100.65,1883,closed_or_unreachable,closed_or_unreachable,,,,,,,0,0,0,[],2026-01-14T18:23:57.793222
192.168.100.65,8883,closed_or_unreachable,closed_or_unreachable,,,,,,,0,0,0,[],2026-01-14T18:23:59.800270
192.168.100.43,1883,closed_or_unreachable,closed_or_unreachable,,,,,,,0,0,0,[],2026-01-14T18:23:57.792899
192.168.100.43,8883,closed_or_unreachable,closed_or_unreachable,,,,,,,0,0,0,[],2026-01-14T18:23:59.800431
192.168.100.48,1883,closed_or_unreachable,closed_or_unreachable,,,,,,,0,0,0,[],2026-01-14T18:23:57.793495
192.168.100.48,8883,closed_or_unreachable,closed_or_unreachable,,,,,,,0,0,0,[],2026-01-14T18:23:59.801136
192.168.100.55,1883,closed_or_unreachable,closed_or_unreachable,,,,,,,0,0,0,[],2026-01-14T18:23:57.792840
192.168.100.55,8883,closed_or_unreachable,closed_or_unreachable,,,,,,,0,0,0,[],2026-01-14T18:23:59.801172
192.168.100.47,1883,closed_or_unreachable,closed_or_unreachable,,,,,,,0,0,0,[],2026-01-14T18:23:57.792568
192.168.100.47,8883,closed_or_unreachable,closed_or_unreachable,,,,,,,0,0,0,[],2026-01-14T18:23:59.799973
192.168.100.53,1883,closed_or_unreachable,closed_or_unreachable,,,,,,,0,0,0,[],2026-01-14T18:23:57.792759
192.168.100.53,8883,closed_or_unreachable,closed_or_unreachable,,,,,,,0,0,0,[],2026-01-14T18:23:59.799650
192.168.100.72,1883,closed_or_unreachable,closed_or_unreachable,,,,,,,0,0,0,[],2026-01-14T18:23:57.808243
192.168.100.72,8883,closed_or_unreachable,closed_or_unreachable,,,,,,,0,0,0,[],2026-01-14T18:23:59.813183
192.168.100.79,1883,closed_or_unreachable,closed_or_unreachable,,,,,,,0,0,0,[],2026-01-14T18:23:57.809110
192.168.100.79,8883,closed_or_unreachable,closed_or_unreachable,,,,,,,0,0,0,[],2026-01-14T18:23:59.813597
192.168.100.86,1883,closed_or_unreachable,closed_or_unreachable,,,,,,,0,0,0,[],2026-01-14T18:23:57.810167
192.168.100.86,8883,closed_or_unreachable,closed_or_unreachable,,,,,,,0,0,0,[],2026-01-14T18:23:59.814034
192.168.100.93,1883,closed_or_unreachable,closed_or_unreachable,,,,,,,0,0,0,[],2026-01-14T18:23:57.810042
192.168.100.93,8883,closed_or_unreachable,closed_or_unreachable,,,,,,,0,0,0,[],2026-01-14T18:23:59.814122
192.168.100.68,1883,closed_or_unreachable,closed_or_unreachable,,,,,,,0,0,0,[],2026-01-14T18:23:57.809799
192.168.100.68,8883,closed_or_unreachable,closed_or_unreachable,,,,,,,0,0,0,[],2026-01-14T18:23:59.814295
192.168.100.75,1883,closed_or_unreachable,closed_or_unreachable,,,,,,,0,0,0,[],2026-01-14T18:23:57.810286
192.168.100.75,8883,closed_or_unreachable,closed_or_unreachable,,,,,,,0,0,0,[],2026-01-14T18:23:59.814548
192.168.100.83,1883,closed_or_unreachable,closed_or_unreachable,,,,,,,0,0,0,[],2026-01-14T18:23:57.810402
192.168.100.83,8883,closed_or_unreachable,closed_or_unreachable,,,,,,,0,0,0,[],2026-01-14T18:23:59.813266
192.168.100.85,1883,closed_or_unreachable,closed_or_unreachable,,,,,,,0,0,0,[],2026-01-14T18:23:57.809945
192.168.100.85,8883,closed_or_unreachable,closed_or_unreachable,,,,,,,0,0,0,[],2026-01-14T18:23:59.814718
192.168.100.92,1883,closed_or_unreachable,closed_or_unreachable,,,,,,,0,0,0,[],2026-01-14T18:23:57.810590
192.168.100.92,8883,closed_or_unreachable,closed_or_unreachable,,,,,,,0,0,0,[],2026-01-14T18:23:59.813230
192.168.100.76,1883,closed_or_unreachable,closed_or_unreachable,,,,,,,0,0,0,[],2026-01-14T18:23:57.808717
192.168.100.76,8883,closed_or_unreachable,closed_or_unreachable,,,,,,,0,0,0,[],2026-01-14T18:23:59.813690
192.168.100.78,1883,closed_or_unreachable,closed_or_unreachable,,,,,,,0,0,0,[],2026-01-14T18:23:57.809595
192.168.100.78,8883,closed_or_unreachable,closed_or_unreachable,,,,,,,0,0,0,[],2026-01-14T18:23:59.815136
192.168.100.96,1883,closed_or_unreachable,closed_or_unreachable,,,,,,,0,0,0,[],2026-01-14T18:23:57.810066
192.168.100.96,8883,closed_or_unreachable,closed_or_unreachable,,,,,,,0,0,0,[],2026-01-14T18:23:59.813817
192.168.100.74,1883,closed_or_unreachable,closed_or_unreachable,,,,,,,0,0,0,[],2026-01-14T18:23:57.808201
192.168.100.74,8883,closed_or_unreachable,closed_or_unreachable,,,,,,,0,0,0,[],2026-01-14T18:23:59.813878
192.168.100.73,1883,closed_or_unreachable,closed_or_unreachable,,,,,,,0,0,0,[],2026-01-14T18:23:57.810252
192.168.100.73,8883,closed_or_unreachable,closed_or_unreachable,,,,,,,0,0,0,[],2026-01-14T18:23:59.813966
192.168.100.71,1883,closed_or_unreachable,closed_or_unreachable,,,,,,,0,0,0,[],2026-01-14T18:23:57.808505
192.168.100.71,8883,closed_or_unreachable,closed_or_unreachable,,,,,,,0,0,0,[],2026-01-14T18:23:59.815386
192.168.100.87,1883,closed_or_unreachable,closed_or_unreachable,,,,,,,0,0,0,[],2026-01-14T18:23:57.808830
192.168.100.87,8883,closed_or_unreachable,closed_or_unreachable,,,,,,,0,0,0,[],2026-01-14T18:23:59.814590
192.168.100.94,1883,closed_or_unreachable,closed_or_unreachable,,,,,,,0,0,0,[],2026-01-14T18:23:57.811064
192.168.100.94,8883,closed_or_unreachable,closed_or_unreachable,,,,,,,0,0,0,[],2026-01-14T18:23:59.814754
192.168.100.77,1883,closed_or_unreachable,closed_or_unreachable,,,,,,,0,0,0,[],2026-01-14T18:23:57.810126
192.168.100.77,8883,closed_or_unreachable,closed_or_unreachable,,,,,,,0,0,0,[],2026-01-14T18:23:59.814863
192.168.100.84,1883,closed_or_unreachable,closed_or_unreachable,,,,,,,0,0,0,[],2026-01-14T18:23:57.810372
192.168.100.84,8883,closed_or_unreachable,closed_or_unreachable,,,,,,,0,0,0,[],2026-01-14T18:23:59.814894
192.168.100.91,1883,closed_or_unreachable,closed_or_unreachable,,,,,,,0,0,0,[],2026-01-14T18:23:57.810189
192.168.100.91,8883,closed_or_unreachable,closed_or_unreachable,,,,,,,0,0,0,[],2026-01-14T18:23:59.814932
192.168.100.97,1883,closed_or_unreachable,closed_or_unreachable,,,,,,,0,0,0,[],2026-01-14T18:23:57.810469
192.168.100.97,8883,closed_or_unreachable,closed_or_unreachable,,,,,,,0,0,0,[],2026-01-14T18:23:59.814975
192.168.100.90,1883,closed_or_unreachable,closed_or_unreachable,,,,,,,0,0,0,[],2026-01-14T18:23:57.810512
192.168.100.90,8883,closed_or_unreachable,closed_or_unreachable,,,,,,,0,0,0,[],2026-01-14T18:23:59.815007
192.168.100.82,1883,closed_or_unreachable,closed_or_unreachable,,,,,,,0,0,0,[],2026-01-14T18:23:57.810801
192.168.100.82,8883,closed_or_unreachable,closed_or_unreachable,,,,,,,0,0,0,[],2026-01-14T18:23:59.815040
192.168.100.80,1883,closed_or_unreachable,closed_or_unreachable,,,,,,,0,0,0,[],2026-01-14T18:23:57.809622
192.168.100.80,8883,closed_or_unreachable,closed_or_unreachable,,,,,,,0,0,0,[],2026-01-14T18:23:59.815073
192.168.100.70,1883,closed_or_unreachable,closed_or_unreachable,,,,,,,0,0,0,[],2026-01-14T18:23:57.810995
192.168.100.70,8883,closed_or_unreachable,closed_or_unreachable,,,,,,,0,0,0,[],2026-01-14T18:23:59.813641
192.168.100.89,1883,closed_or_unreachable,closed_or_unreachable,,,,,,,0,0,0,[],2026-01-14T18:23:57.810008
192.168.100.89,8883,closed_or_unreachable,closed_or_unreachable,,,,,,,0,0,0,[],2026-01-14T18:23:59.815350
192.168.100.69,1883,closed_or_unreachable,closed_or_unreachable,,,,,,,0,0,0,[],2026-01-14T18:23:57.808163
192.168.100.69,8883,closed_or_unreachable,closed_or_unreachable,,,,,,,0,0,0,[],2026-01-14T18:23:59.814386
192.168.100.88,1883,closed_or_unreachable,closed_or_unreachable,,,,,,,0,0,0,[],2026-01-14T18:23:57.809978
192.168.100.88,8883,closed_or_unreachable,closed_or_unreachable,,,,,,,0,0,0,[],2026-01-14T18:23:59.815420
192.168.100.95,1883,closed_or_unreachable,closed_or_unreachable,,,,,,,0,0,0,[],2026-01-14T18:23:57.809036
192.168.100.95,8883,closed_or_unreachable,closed_or_unreachable,,,,,,,0,0,0,[],2026-01-14T18:23:59.815487
192.168.100.81,1883,closed_or_unreachable,closed_or_unreachable,,,,,,,0,0,0,[],2026-01-14T18:23:57.810334
192.168.100.81,8883,closed_or_unreachable,closed_or_unreachable,,,,,,,0,0,0,[],2026-01-14T18:23:59.815566
192.168.100.135,1883,closed_or_unreachable,closed_or_unreachable,,,,,,,0,0,0,[],2026-01-14T18:23:57.824865
192.168.100.135,8883,closed_or_unreachable,closed_or_unreachable,,,,,,,0,0,0,[],2026-01-14T18:23:59.829344
192.168.100.112,1883,closed_or_unreachable,closed_or_unreachable,,,,,,,0,0,0,[],2026-01-14T18:23:57.826453
192.168.100.112,8883,closed_or_unreachable,closed_or_unreachable,,,,,,,0,0,0,[],2026-01-14T18:23:59.829505
192.168.100.119,1883,closed_or_unreachable,closed_or_unreachable,,,,,,,0,0,0,[],2026-01-14T18:23:57.824813
192.168.100.119,8883,closed_or_unreachable,closed_or_unreachable,,,,,,,0,0,0,[],2026-01-14T18:23:59.829652
192.168.100.137,1883,closed_or_unreachable,closed_or_unreachable,,,,,,,0,0,0,[],2026-01-14T18:23:57.826838
192.168.100.137,8883,closed_or_unreachable,closed_or_unreachable,,,,,,,0,0,0,[],2026-01-14T18:23:59.830032
192.168.100.116,1883,closed_or_unreachable,closed_or_unreachable,,,,,,,0,0,0,[],2026-01-14T18:23:57.825709
192.168.100.116,8883,closed_or_unreachable,closed_or_unreachable,,,,,,,0,0,0,[],2026-01-14T18:23:59.830135
192.168.100.120,1883,closed_or_unreachable,closed_or_unreachable,,,,,,,0,0,0,[],2026-01-14T18:23:57.825852
192.168.100.120,8883,closed_or_unreachable,closed_or_unreachable,,,,,,,0,0,0,[],2026-01-14T18:23:59.830174
192.168.100.99,1883,closed_or_unreachable,closed_or_unreachable,,,,,,,0,0,0,[],2026-01-14T18:23:57.824449
192.168.100.99,8883,closed_or_unreachable,closed_or_unreachable,,,,,,,0,0,0,[],2026-01-14T18:23:59.829777
192.168.100.102,1883,closed_or_unreachable,closed_or_unreachable,,,,,,,0,0,0,[],2026-01-14T18:23:57.825525
192.168.100.102,8883,closed_or_unreachable,closed_or_unreachable,,,,,,,0,0,0,[],2026-01-14T18:23:59.829748
192.168.100.122,1883,closed_or_unreachable,closed_or_unreachable,,,,,,,0,0,0,[],2026-01-14T18:23:57.824714
192.168.100.122,8883,closed_or_unreachable,closed_or_unreachable,,,,,,,0,0,0,[],2026-01-14T18:23:59.830409
192.168.100.98,1883,closed_or_unreachable,closed_or_unreachable,,,,,,,0,0,0,[],2026-01-14T18:23:57.823747
192.168.100.98,8883,closed_or_unreachable,closed_or_unreachable,,,,,,,0,0,0,[],2026-01-14T18:23:59.829819
192.168.100.123,1883,closed_or_unreachable,closed_or_unreachable,,,,,,,0,0,0,[],2026-01-14T18:23:57.825921
192.168.100.123,8883,closed_or_unreachable,closed_or_unreachable,,,,,,,0,0,0,[],2026-01-14T18:23:59.830700
192.168.100.136,1883,closed_or_unreachable,closed_or_unreachable,,,,,,,0,0,0,[],2026-01-14T18:23:57.826243
192.168.100.136,8883,closed_or_unreachable,closed_or_unreachable,,,,,,,0,0,0,[],2026-01-14T18:23:59.829922
192.168.100.110,1883,closed_or_unreachable,closed_or_unreachable,,,,,,,0,0,0,[],2026-01-14T18:23:57.824504
192.168.100.110,8883,closed_or_unreachable,closed_or_unreachable,,,,,,,0,0,0,[],2026-01-14T18:23:59.829884
192.168.100.131,1883,closed_or_unreachable,closed_or_unreachable,,,,,,,0,0,0,[],2026-01-14T18:23:57.826400
192.168.100.131,8883,closed_or_unreachable,closed_or_unreachable,,,,,,,0,0,0,[],2026-01-14T18:23:59.830995
192.168.100.127,1883,closed_or_unreachable,closed_or_unreachable,,,,,,,0,0,0,[],2026-01-14T18:23:57.825040
192.168.100.127,8883,closed_or_unreachable,closed_or_unreachable,,,,,,,0,0,0,[],2026-01-14T18:23:59.829396
192.168.100.129,1883,closed_or_unreachable,closed_or_unreachable,,,,,,,0,0,0,[],2026-01-14T18:23:57.826881
192.168.100.129,8883,closed_or_unreachable,closed_or_unreachable,,,,,,,0,0,0,[],2026-01-14T18:23:59.831164
192.168.100.103,1883,closed_or_unreachable,closed_or_unreachable,,,,,,,0,0,0,[],2026-01-14T18:23:57.825963
192.168.100.103,8883,closed_or_unreachable,closed_or_unreachable,,,,,,,0,0,0,[],2026-01-14T18:23:59.829980
192.168.100.130,1883,closed_or_unreachable,closed_or_unreachable,,,,,,,0,0,0,[],2026-01-14T18:23:57.825571
192.168.100.130,8883,closed_or_unreachable,closed_or_unreachable,,,,,,,0,0,0,[],2026-01-14T18:23:59.831261
192.168.100.108,1883,closed_or_unreachable,closed_or_unreachable,,,,,,,0,0,0,[],2026-01-14T18:23:57.824386
192.168.100.108,8883,closed_or_unreachable,closed_or_unreachable,,,,,,,0,0,0,[],2026-01-14T18:23:59.829950
192.168.100.101,1883,closed_or_unreachable,closed_or_unreachable,,,,,,,0,0,0,[],2026-01-14T18:23:57.826810
192.168.100.101,8883,closed_or_unreachable,closed_or_unreachable,,,,,,,0,0,0,[],2026-01-14T18:23:59.831461
192.168.100.139,1883,closed_or_unreachable,closed_or_unreachable,,,,,,,0,0,0,[],2026-01-14T18:23:57.825317
192.168.100.139,8883,closed_or_unreachable,closed_or_unreachable,,,,,,,0,0,0,[],2026-01-14T18:23:59.831500
192.168.100.121,1883,closed_or_unreachable,closed_or_unreachable,,,,,,,0,0,0,[],2026-01-14T18:23:57.824296
192.168.100.121,8883,closed_or_unreachable,closed_or_unreachable,,,,,,,0,0,0,[],2026-01-14T18:23:59.830005
192.168.100.134,1883,closed_or_unreachable,closed_or_unreachable,,,,,,,0,0,0,[],2026-01-14T18:23:57.825469
192.168.100.134,8883,closed_or_unreachable,closed_or_unreachable,,,,,,,0,0,0,[],2026-01-14T18:23:59.831555
192.168.100.132,1883,closed_or_unreachable,closed_or_unreachable,,,,,,,0,0,0,[],2026-01-14T18:23:57.825603
192.168.100.132,8883,closed_or_unreachable,closed_or_unreachable,,,,,,,0,0,0,[],2026-01-14T18:23:59.830256
192.168.100.111,1883,closed_or_unreachable,closed_or_unreachable,,,,,,,0,0,0,[],2026-01-14T18:23:57.824090
192.168.100.111,8883,closed_or_unreachable,closed_or_unreachable,,,,,,,0,0,0,[],2026-01-14T18:23:59.831720
192.168.100.109,1883,closed_or_unreachable,closed_or_unreachable,,,,,,,0,0,0,[],2026-01-14T18:23:57.825775
192.168.100.109,8883,closed_or_unreachable,closed_or_unreachable,,,,,,,0,0,0,[],2026-01-14T18:23:59.830558
192.168.100.124,1883,closed_or_unreachable,closed_or_unreachable,,,,,,,0,0,0,[],2026-01-14T18:23:57.826055
192.168.100.124,8883,closed_or_unreachable,closed_or_unreachable,,,,,,,0,0,0,[],2026-01-14T18:23:59.830601
192.168.100.106,1883,closed_or_unreachable,closed_or_unreachable,,,,,,,0,0,0,[],2026-01-14T18:23:57.825112
192.168.100.106,8883,closed_or_unreachable,closed_or_unreachable,,,,,,,0,0,0,[],2026-01-14T18:23:59.830668
192.168.100.113,1883,closed_or_unreachable,closed_or_unreachable,,,,,,,0,0,0,[],2026-01-14T18:23:57.823854
192.168.100.113,8883,closed_or_unreachable,closed_or_unreachable,,,,,,,0,0,0,[],2026-01-14T18:23:59.830729
192.168.100.114,1883,closed_or_unreachable,closed_or_unreachable,,,,,,,0,0,0,[],2026-01-14T18:23:57.825675
192.168.100.114,8883,closed_or_unreachable,closed_or_unreachable,,,,,,,0,0,0,[],2026-01-14T18:23:59.830829
192.168.100.126,1883,closed_or_unreachable,closed_or_unreachable,,,,,,,0,0,0,[],2026-01-14T18:23:57.826918
192.168.100.126,8883,closed_or_unreachable,closed_or_unreachable,,,,,,,0,0,0,[],2026-01-14T18:23:59.830901
192.168.100.142,1883,closed_or_unreachable,closed_or_unreachable,,,,,,,0,0,0,[],2026-01-14T18:23:57.827426
192.168.100.142,8883,closed_or_unreachable,closed_or_unreachable,,,,,,,0,0,0,[],2026-01-14T18:23:59.830959
192.168.100.141,1883,closed_or_unreachable,closed_or_unreachable,,,,,,,0,0,0,[],2026-01-14T18:23:57.826190
192.168.100.141,8883,closed_or_unreachable,closed_or_unreachable,,,,,,,0,0,0,[],2026-01-14T18:23:59.831029
192.168.100.140,1883,closed_or_unreachable,closed_or_unreachable,,,,,,,0,0,0,[],2026-01-14T18:23:57.825408
192.168.100.140,8883,closed_or_unreachable,closed_or_unreachable,,,,,,,0,0,0,[],2026-01-14T18:23:59.831125
192.168.100.128,1883,closed_or_unreachable,closed_or_unreachable,,,,,,,0,0,0,[],2026-01-14T18:23:57.825364
192.168.100.128,8883,closed_or_unreachable,closed_or_unreachable,,,,,,,0,0,0,[],2026-01-14T18:23:59.831095
192.168.100.107,1883,closed_or_unreachable,closed_or_unreachable,,,,,,,0,0,0,[],2026-01-14T18:23:57.823807
192.168.100.107,8883,closed_or_unreachable,closed_or_unreachable,,,,,,,0,0,0,[],2026-01-14T18:23:59.831421
192.168.100.105,1883,closed_or_unreachable,closed_or_unreachable,,,,,,,0,0,0,[],2026-01-14T18:23:57.825186
192.168.100.105,8883,closed_or_unreachable,closed_or_unreachable,,,,,,,0,0,0,[],2026-01-14T18:23:59.832359
192.168.100.104,1883,closed_or_unreachable,closed_or_unreachable,,,,,,,0,0,0,[],2026-01-14T18:23:57.825258
192.168.100.104,8883,closed_or_unreachable,closed_or_unreachable,,,,,,,0,0,0,[],2026-01-14T18:23:59.830064
192.168.100.115,1883,closed_or_unreachable,closed_or_unreachable,,,,,,,0,0,0,[],2026-01-14T18:23:57.824575
192.168.100.115,8883,closed_or_unreachable,closed_or_unreachable,,,,,,,0,0,0,[],2026-01-14T18:23:59.832521
192.168.100.143,1883,closed_or_unreachable,closed_or_unreachable,,,,,,,0,0,0,[],2026-01-14T18:23:57.825001
192.168.100.143,8883,closed_or_unreachable,closed_or_unreachable,,,,,,,0,0,0,[],2026-01-14T18:23:59.830371
192.168.100.118,1883,closed_or_unreachable,closed_or_unreachable,,,,,,,0,0,0,[],2026-01-14T18:23:57.823961
192.168.100.118,8883,closed_or_unreachable,closed_or_unreachable,,,,,,,0,0,0,[],2026-01-14T18:23:59.831814
192.168.100.125,1883,closed_or_unreachable,closed_or_unreachable,,,,,,,0,0,0,[],2026-01-14T18:23:57.824937
192.168.100.125,8883,closed_or_unreachable,closed_or_unreachable,,,,,,,0,0,0,[],2026-01-14T18:23:59.831964
192.168.100.100,1883,closed_or_unreachable,closed_or_unreachable,,,,,,,0,0,0,[],2026-01-14T18:23:57.824044
192.168.100.100,8883,closed_or_unreachable,closed_or_unreachable,,,,,,,0,0,0,[],2026-01-14T18:23:59.832168
192.168.100.133,1883,closed_or_unreachable,closed_or_unreachable,,,,,,,0,0,0,[],2026-01-14T18:23:57.826341
192.168.100.133,8883,closed_or_unreachable,closed_or_unreachable,,,,,,,0,0,0,[],2026-01-14T18:23:59.832392
192.168.100.138,1883,closed_or_unreachable,closed_or_unreachable,,,,,,,0,0,0,[],2026-01-14T18:23:57.825433
192.168.100.138,8883,closed_or_unreachable,closed_or_unreachable,,,,,,,0,0,0,[],2026-01-14T18:23:59.831671
192.168.100.117,1883,closed_or_unreachable,closed_or_unreachable,,,,,,,0,0,0,[],2026-01-14T18:23:57.824634
192.168.100.117,8883,closed_or_unreachable,closed_or_unreachable,,,,,,,0,0,0,[],2026-01-14T18:23:59.832877
192.168.100.181,1883,closed_or_unreachable,closed_or_unreachable,,,,,,,0,0,0,[],2026-01-14T18:23:57.840225
192.168.100.181,8883,closed_or_unreachable,closed_or_unreachable,,,,,,,0,0,0,[],2026-01-14T18:23:59.845572
192.168.100.188,1883,closed_or_unreachable,closed_or_unreachable,,,,,,,0,0,0,[],2026-01-14T18:23:57.839287
192.168.100.188,8883,closed_or_unreachable,closed_or_unreachable,,,,,,,0,0,0,[],2026-01-14T18:23:59.845800
192.168.100.157,1883,closed_or_unreachable,closed_or_unreachable,,,,,,,0,0,0,[],2026-01-14T18:23:57.839417
192.168.100.157,8883,closed_or_unreachable,closed_or_unreachable,,,,,,,0,0,0,[],2026-01-14T18:23:59.846111
192.168.100.171,1883,closed_or_unreachable,closed_or_unreachable,,,,,,,0,0,0,[],2026-01-14T18:23:57.840274
192.168.100.171,8883,closed_or_unreachable,closed_or_unreachable,,,,,,,0,0,0,[],2026-01-14T18:23:59.846276
192.168.100.158,1883,closed_or_unreachable,closed_or_unreachable,,,,,,,0,0,0,[],2026-01-14T18:23:57.839460
192.168.100.158,8883,closed_or_unreachable,closed_or_unreachable,,,,,,,0,0,0,[],2026-01-14T18:23:59.846584
192.168.100.180,1883,closed_or_unreachable,closed_or_unreachable,,,,,,,0,0,0,[],2026-01-14T18:23:57.839099
192.168.100.180,8883,closed_or_unreachable,closed_or_unreachable,,,,,,,0,0,0,[],2026-01-14T18:23:59.846788
192.168.100.145,1883,closed_or_unreachable,closed_or_unreachable,,,,,,,0,0,0,[],2026-01-14T18:23:57.841488
192.168.100.145,8883,closed_or_unreachable,closed_or_unreachable,,,,,,,0,0,0,[],2026-01-14T18:23:59.846976
192.168.100.185,1883,closed_or_unreachable,closed_or_unreachable,,,,,,,0,0,0,[],2026-01-14T18:23:57.841521
192.168.100.185,8883,closed_or_unreachable,closed_or_unreachable,,,,,,,0,0,0,[],2026-01-14T18:23:59.847014
192.168.100.176,1883,closed_or_unreachable,closed_or_unreachable,,,,,,,0,0,0,[],2026-01-14T18:23:57.840167
192.168.100.176,8883,closed_or_unreachable,closed_or_unreachable,,,,,,,0,0,0,[],2026-01-14T18:23:59.845368
192.168.100.182,1883,closed_or_unreachable,closed_or_unreachable,,,,,,,0,0,0,[],2026-01-14T18:23:57.841425
192.168.100.182,8883,closed_or_unreachable,closed_or_unreachable,,,,,,,0,0,0,[],2026-01-14T18:23:59.845425
192.168.100.144,1883,closed_or_unreachable,closed_or_unreachable,,,,,,,0,0,0,[],2026-01-14T18:23:57.841131
192.168.100.144,8883,closed_or_unreachable,closed_or_unreachable,,,,,,,0,0,0,[],2026-01-14T18:23:59.845460
192.168.100.165,1883,closed_or_unreachable,closed_or_unreachable,,,,,,,0,0,0,[],2026-01-14T18:23:57.839842
192.168.100.165,8883,closed_or_unreachable,closed_or_unreachable,,,,,,,0,0,0,[],2026-01-14T18:23:59.847397
192.168.100.164,1883,closed_or_unreachable,closed_or_unreachable,,,,,,,0,0,0,[],2026-01-14T18:23:57.839793
192.168.100.164,8883,closed_or_unreachable,closed_or_unreachable,,,,,,,0,0,0,[],2026-01-14T18:23:59.847557
192.168.100.169,1883,closed_or_unreachable,closed_or_unreachable,,,,,,,0,0,0,[],2026-01-14T18:23:57.841298
192.168.100.169,8883,closed_or_unreachable,closed_or_unreachable,,,,,,,0,0,0,[],2026-01-14T18:23:59.845543
192.168.100.189,1883,closed_or_unreachable,closed_or_unreachable,,,,,,,0,0,0,[],2026-01-14T18:23:57.840525
192.168.100.189,8883,closed_or_unreachable,closed_or_unreachable,,,,,,,0,0,0,[],2026-01-14T18:23:59.847768
192.168.100.161,1883,closed_or_unreachable,closed_or_unreachable,,,,,,,0,0,0,[],2026-01-14T18:23:57.841093
192.168.100.161,8883,closed_or_unreachable,closed_or_unreachable,,,,,,,0,0,0,[],2026-01-14T18:23:59.847890
192.168.100.179,1883,closed_or_unreachable,closed_or_unreachable,,,,,,,0,0,0,[],2026-01-14T18:23:57.840130
192.168.100.179,8883,closed_or_unreachable,closed_or_unreachable,,,,,,,0,0,0,[],2026-01-14T18:23:59.845622
192.168.100.163,1883,closed_or_unreachable,closed_or_unreachable,,,,,,,0,0,0,[],2026-01-14T18:23:57.839741
192.168.100.163,8883,closed_or_unreachable,closed_or_unreachable,,,,,,,0,0,0,[],2026-01-14T18:23:59.845734
192.168.100.183,1883,closed_or_unreachable,closed_or_unreachable,,,,,,,0,0,0,[],2026-01-14T18:23:57.841941
192.168.100.183,8883,closed_or_unreachable,closed_or_unreachable,,,,,,,0,0,0,[],2026-01-14T18:23:59.845866
192.168.100.146,1883,closed_or_unreachable,closed_or_unreachable,,,,,,,0,0,0,[],2026-01-14T18:23:57.839336
192.168.100.146,8883,closed_or_unreachable,closed_or_unreachable,,,,,,,0,0,0,[],2026-01-14T18:23:59.845916
192.168.100.186,1883,closed_or_unreachable,closed_or_unreachable,,,,,,,0,0,0,[],2026-01-14T18:23:57.841569
192.168.100.186,8883,closed_or_unreachable,closed_or_unreachable,,,,,,,0,0,0,[],2026-01-14T18:23:59.846063
192.168.100.160,1883,closed_or_unreachable,closed_or_unreachable,,,,,,,0,0,0,[],2026-01-14T18:23:57.841764
192.168.100.160,8883,closed_or_unreachable,closed_or_unreachable,,,,,,,0,0,0,[],2026-01-14T18:23:59.846161
192.168.100.167,1883,closed_or_unreachable,closed_or_unreachable,,,,,,,0,0,0,[],2026-01-14T18:23:57.839643
192.168.100.167,8883,closed_or_unreachable,closed_or_unreachable,,,,,,,0,0,0,[],2026-01-14T18:23:59.848258
192.168.100.162,1883,closed_or_unreachable,closed_or_unreachable,,,,,,,0,0,0,[],2026-01-14T18:23:57.841201
192.168.100.162,8883,closed_or_unreachable,closed_or_unreachable,,,,,,,0,0,0,[],2026-01-14T18:23:59.846336
192.168.100.166,1883,closed_or_unreachable,closed_or_unreachable,,,,,,,0,0,0,[],2026-01-14T18:23:57.839877
192.168.100.166,8883,closed_or_unreachable,closed_or_unreachable,,,,,,,0,0,0,[],2026-01-14T18:23:59.846481
192.168.100.178,1883,closed_or_unreachable,closed_or_unreachable,,,,,,,0,0,0,[],2026-01-14T18:23:57.840070
192.168.100.178,8883,closed_or_unreachable,closed_or_unreachable,,,,,,,0,0,0,[],2026-01-14T18:23:59.846525
192.168.100.168,1883,closed_or_unreachable,closed_or_unreachable,,,,,,,0,0,0,[],2026-01-14T18:23:57.839682
192.168.100.168,8883,closed_or_unreachable,closed_or_unreachable,,,,,,,0,0,0,[],2026-01-14T18:23:59.846637
192.168.100.149,1883,closed_or_unreachable,closed_or_unreachable,,,,,,,0,0,0,[],2026-01-14T18:23:57.840634
192.168.100.149,8883,closed_or_unreachable,closed_or_unreachable,,,,,,,0,0,0,[],2026-01-14T18:23:59.848535
192.168.100.184,1883,closed_or_unreachable,closed_or_unreachable,,,,,,,0,0,0,[],2026-01-14T18:23:57.841386
192.168.100.184,8883,closed_or_unreachable,closed_or_unreachable,,,,,,,0,0,0,[],2026-01-14T18:23:59.846848
192.168.100.174,1883,closed_or_unreachable,closed_or_unreachable,,,,,,,0,0,0,[],2026-01-14T18:23:57.839062
192.168.100.174,8883,closed_or_unreachable,closed_or_unreachable,,,,,,,0,0,0,[],2026-01-14T18:23:59.848652
192.168.100.151,1883,closed_or_unreachable,closed_or_unreachable,,,,,,,0,0,0,[],2026-01-14T18:23:57.842005
192.168.100.151,8883,closed_or_unreachable,closed_or_unreachable,,,,,,,0,0,0,[],2026-01-14T18:23:59.847173
192.168.100.154,1883,closed_or_unreachable,closed_or_unreachable,,,,,,,0,0,0,[],2026-01-14T18:23:57.841012
192.168.100.154,8883,closed_or_unreachable,closed_or_unreachable,,,,,,,0,0,0,[],2026-01-14T18:23:59.847116
192.168.100.152,1883,closed_or_unreachable,closed_or_unreachable,,,,,,,0,0,0,[],2026-01-14T18:23:57.840559
192.168.100.152,8883,closed_or_unreachable,closed_or_unreachable,,,,,,,0,0,0,[],2026-01-14T18:23:59.847323
192.168.100.155,1883,closed_or_unreachable,closed_or_unreachable,,,,,,,0,0,0,[],2026-01-14T18:23:57.839372
192.168.100.155,8883,closed_or_unreachable,closed_or_unreachable,,,,,,,0,0,0,[],2026-01-14T18:23:59.847425
192.168.100.173,1883,closed_or_unreachable,closed_or_unreachable,,,,,,,0,0,0,[],2026-01-14T18:23:57.840445
192.168.100.173,8883,closed_or_unreachable,closed_or_unreachable,,,,,,,0,0,0,[],2026-01-14T18:23:59.847364
192.168.100.153,1883,closed_or_unreachable,closed_or_unreachable,,,,,,,0,0,0,[],2026-01-14T18:23:57.838927
192.168.100.153,8883,closed_or_unreachable,closed_or_unreachable,,,,,,,0,0,0,[],2026-01-14T18:23:59.845496
192.168.100.170,1883,closed_or_unreachable,closed_or_unreachable,,,,,,,0,0,0,[],2026-01-14T18:23:57.841243
192.168.100.170,8883,closed_or_unreachable,closed_or_unreachable,,,,,,,0,0,0,[],2026-01-14T18:23:59.847498
192.168.100.150,1883,closed_or_unreachable,closed_or_unreachable,,,,,,,0,0,0,[],2026-01-14T18:23:57.840976
192.168.100.150,8883,closed_or_unreachable,closed_or_unreachable,,,,,,,0,0,0,[],2026-01-14T18:23:59.847590
192.168.100.177,1883,closed_or_unreachable,closed_or_unreachable,,,,,,,0,0,0,[],2026-01-14T18:23:57.839963
192.168.100.177,8883,closed_or_unreachable,closed_or_unreachable,,,,,,,0,0,0,[],2026-01-14T18:23:59.847809
192.168.100.147,1883,closed_or_unreachable,closed_or_unreachable,,,,,,,0,0,0,[],2026-01-14T18:23:57.838883
192.168.100.147,8883,closed_or_unreachable,closed_or_unreachable,,,,,,,0,0,0,[],2026-01-14T18:23:59.847926
192.168.100.148,1883,closed_or_unreachable,closed_or_unreachable,,,,,,,0,0,0,[],2026-01-14T18:23:57.840942
192.168.100.148,8883,closed_or_unreachable,closed_or_unreachable,,,,,,,0,0,0,[],2026-01-14T18:23:59.848172
192.168.100.159,1883,closed_or_unreachable,closed_or_unreachable,,,,,,,0,0,0,[],2026-01-14T18:23:57.839523
192.168.100.159,8883,closed_or_unreachable,closed_or_unreachable,,,,,,,0,0,0,[],2026-01-14T18:23:59.846753
192.168.100.175,1883,closed_or_unreachable,closed_or_unreachable,,,,,,,0,0,0,[],2026-01-14T18:23:57.840022
192.168.100.175,8883,closed_or_unreachable,closed_or_unreachable,,,,,,,0,0,0,[],2026-01-14T18:23:59.846933
192.168.100.191,1883,closed_or_unreachable,closed_or_unreachable,,,,,,,0,0,0,[],2026-01-14T18:23:57.840331
192.168.100.191,8883,closed_or_unreachable,closed_or_unreachable,,,,,,,0,0,0,[],2026-01-14T18:23:59.848749
192.168.100.190,1883,closed_or_unreachable,closed_or_unreachable,,,,,,,0,0,0,[],2026-01-14T18:23:57.840599
192.168.100.190,8883,closed_or_unreachable,closed_or_unreachable,,,,,,,0,0,0,[],2026-01-14T18:23:59.848813
192.168.100.156,1883,closed_or_unreachable,closed_or_unreachable,,,,,,,0,0,0,[],2026-01-14T18:23:57.839007
192.168.100.156,8883,closed_or_unreachable,closed_or_unreachable,,,,,,,0,0,0,[],2026-01-14T18:23:59.848979
192.168.100.172,1883,closed_or_unreachable,closed_or_unreachable,,,,,,,0,0,0,[],2026-01-14T18:23:57.839221
192.168.100.172,8883,closed_or_unreachable,closed_or_unreachable,,,,,,,0,0,0,[],2026-01-14T18:23:59.849212
192.168.100.192,1883,closed_or_unreachable,closed_or_unreachable,,,,,,,0,0,0,[],2026-01-14T18:23:57.840382
192.168.100.192,8883,closed_or_unreachable,closed_or_unreachable,,,,,,,0,0,0,[],2026-01-14T18:23:59.849303
192.168.100.187,1883,closed_or_unreachable,closed_or_unreachable,,,,,,,0,0,0,[],2026-01-14T18:23:57.841622
192.168.100.187,8883,closed_or_unreachable,closed_or_unreachable,,,,,,,0,0,0,[],2026-01-14T18:23:59.849434
192.168.100.230,1883,closed_or_unreachable,closed_or_unreachable,,,,,,,0,0,0,[],2026-01-14T18:23:57.856500
192.168.100.230,8883,closed_or_unreachable,closed_or_unreachable,,,,,,,0,0,0,[],2026-01-14T18:23:59.861180
192.168.100.233,1883,closed_or_unreachable,closed_or_unreachable,,,,,,,0,0,0,[],2026-01-14T18:23:57.855397
192.168.100.233,8883,closed_or_unreachable,closed_or_unreachable,,,,,,,0,0,0,[],2026-01-14T18:23:59.861465
192.168.100.236,1883,closed_or_unreachable,closed_or_unreachable,,,,,,,0,0,0,[],2026-01-14T18:23:57.855476
192.168.100.236,8883,closed_or_unreachable,closed_or_unreachable,,,,,,,0,0,0,[],2026-01-14T18:23:59.861622
192.168.100.198,1883,closed_or_unreachable,closed_or_unreachable,,,,,,,0,0,0,[],2026-01-14T18:23:57.856233
192.168.100.198,8883,closed_or_unreachable,closed_or_unreachable,,,,,,,0,0,0,[],2026-01-14T18:23:59.861664
192.168.100.224,1883,closed_or_unreachable,closed_or_unreachable,,,,,,,0,0,0,[],2026-01-14T18:23:57.855232
192.168.100.224,8883,closed_or_unreachable,closed_or_unreachable,,,,,,,0,0,0,[],2026-01-14T18:23:59.861847
192.168.100.221,1883,closed_or_unreachable,closed_or_unreachable,,,,,,,0,0,0,[],2026-01-14T18:23:57.855370
192.168.100.221,8883,closed_or_unreachable,closed_or_unreachable,,,,,,,0,0,0,[],2026-01-14T18:23:59.861982
192.168.100.219,1883,closed_or_unreachable,closed_or_unreachable,,,,,,,0,0,0,[],2026-01-14T18:23:57.857085
192.168.100.219,8883,closed_or_unreachable,closed_or_unreachable,,,,,,,0,0,0,[],2026-01-14T18:23:59.862109
192.168.100.235,1883,closed_or_unreachable,closed_or_unreachable,,,,,,,0,0,0,[],2026-01-14T18:23:57.857361
192.168.100.235,8883,closed_or_unreachable,closed_or_unreachable,,,,,,,0,0,0,[],2026-01-14T18:23:59.862291
192.168.100.211,1883,closed_or_unreachable,closed_or_unreachable,,,,,,,0,0,0,[],2026-01-14T18:23:57.855945
192.168.100.211,8883,closed_or_unreachable,closed_or_unreachable,,,,,,,0,0,0,[],2026-01-14T18:23:59.862540
192.168.100.231,1883,closed_or_unreachable,closed_or_unreachable,,,,,,,0,0,0,[],2026-01-14T18:23:57.855272
192.168.100.231,8883,closed_or_unreachable,closed_or_unreachable,,,,,,,0,0,0,[],2026-01-14T18:23:59.861064
192.168.100.210,1883,closed_or_unreachable,closed_or_unreachable,,,,,,,0,0,0,[],2026-01-14T18:23:57.855702
192.168.100.210,8883,closed_or_unreachable,closed_or_unreachable,,,,,,,0,0,0,[],2026-01-14T18:23:59.861021
192.168.100.227,1883,closed_or_unreachable,closed_or_unreachable,,,,,,,0,0,0,[],2026-01-14T18:23:57.857294
192.168.100.227,8883,closed_or_unreachable,closed_or_unreachable,,,,,,,0,0,0,[],2026-01-14T18:23:59.861138
192.168.100.202,1883,closed_or_unreachable,closed_or_unreachable,,,,,,,0,0,0,[],2026-01-14T18:23:57.855008
192.168.100.202,8883,closed_or_unreachable,closed_or_unreachable,,,,,,,0,0,0,[],2026-01-14T18:23:59.862857
192.168.100.216,1883,closed_or_unreachable,closed_or_unreachable,,,,,,,0,0,0,[],2026-01-14T18:23:57.855806
192.168.100.216,8883,closed_or_unreachable,closed_or_unreachable,,,,,,,0,0,0,[],2026-01-14T18:23:59.861208
192.168.100.205,1883,closed_or_unreachable,closed_or_unreachable,,,,,,,0,0,0,[],2026-01-14T18:23:57.857500
192.168.100.205,8883,closed_or_unreachable,closed_or_unreachable,,,,,,,0,0,0,[],2026-01-14T18:23:59.861295
192.168.100.199,1883,closed_or_unreachable,closed_or_unreachable,,,,,,,0,0,0,[],2026-01-14T18:23:57.857005
192.168.100.199,8883,closed_or_unreachable,closed_or_unreachable,,,,,,,0,0,0,[],2026-01-14T18:23:59.861327
192.168.100.222,1883,closed_or_unreachable,closed_or_unreachable,,,,,,,0,0,0,[],2026-01-14T18:23:57.856297
192.168.100.222,8883,closed_or_unreachable,closed_or_unreachable,,,,,,,0,0,0,[],2026-01-14T18:23:59.861361
192.168.100.223,1883,closed_or_unreachable,closed_or_unreachable,,,,,,,0,0,0,[],2026-01-14T18:23:57.856054
192.168.100.223,8883,closed_or_unreachable,closed_or_unreachable,,,,,,,0,0,0,[],2026-01-14T18:23:59.861425
192.168.100.225,1883,closed_or_unreachable,closed_or_unreachable,,,,,,,0,0,0,[],2026-01-14T18:23:57.856344
192.168.100.225,8883,closed_or_unreachable,closed_or_unreachable,,,,,,,0,0,0,[],2026-01-14T18:23:59.861499
192.168.100.229,1883,closed_or_unreachable,closed_or_unreachable,,,,,,,0,0,0,[],2026-01-14T18:23:57.856464
192.168.100.229,8883,closed_or_unreachable,closed_or_unreachable,,,,,,,0,0,0,[],2026-01-14T18:23:59.861569
192.168.100.203,1883,closed_or_unreachable,closed_or_unreachable,,,,,,,0,0,0,[],2026-01-14T18:23:57.856670
192.168.100.203,8883,closed_or_unreachable,closed_or_unreachable,,,,,,,0,0,0,[],2026-01-14T18:23:59.863150
192.168.100.215,1883,closed_or_unreachable,closed_or_unreachable,,,,,,,0,0,0,[],2026-01-14T18:23:57.855191
192.168.100.215,8883,closed_or_unreachable,closed_or_unreachable,,,,,,,0,0,0,[],2026-01-14T18:23:59.861781
192.168.100.204,1883,closed_or_unreachable,closed_or_unreachable,,,,,,,0,0,0,[],2026-01-14T18:23:57.855527
192.168.100.204,8883,closed_or_unreachable,closed_or_unreachable,,,,,,,0,0,0,[],2026-01-14T18:23:59.861885
192.168.100.207,1883,closed_or_unreachable,closed_or_unreachable,,,,,,,0,0,0,[],2026-01-14T18:23:57.855614
192.168.100.207,8883,closed_or_unreachable,closed_or_unreachable,,,,,,,0,0,0,[],2026-01-14T18:23:59.863404
192.168.100.193,1883,closed_or_unreachable,closed_or_unreachable,,,,,,,0,0,0,[],2026-01-14T18:23:57.854952
192.168.100.193,8883,closed_or_unreachable,closed_or_unreachable,,,,,,,0,0,0,[],2026-01-14T18:23:59.862012
192.168.100.217,1883,closed_or_unreachable,closed_or_unreachable,,,,,,,0,0,0,[],2026-01-14T18:23:57.857147
192.168.100.217,8883,closed_or_unreachable,closed_or_unreachable,,,,,,,0,0,0,[],2026-01-14T18:23:59.862142
192.168.100.206,1883,closed_or_unreachable,closed_or_unreachable,,,,,,,0,0,0,[],2026-01-14T18:23:57.856749
192.168.100.206,8883,closed_or_unreachable,closed_or_unreachable,,,,,,,0,0,0,[],2026-01-14T18:23:59.863572
192.168.100.209,1883,closed_or_unreachable,closed_or_unreachable,,,,,,,0,0,0,[],2026-01-14T18:23:57.856793
192.168.100.209,8883,closed_or_unreachable,closed_or_unreachable,,,,,,,0,0,0,[],2026-01-14T18:23:59.863673
192.168.100.220,1883,closed_or_unreachable,closed_or_unreachable,,,,,,,0,0,0,[],2026-01-14T18:23:57.857179
192.168.100.220,8883,closed_or_unreachable,closed_or_unreachable,,,,,,,0,0,0,[],2026-01-14T18:23:59.862446
192.168.100.213,1883,closed_or_unreachable,closed_or_unreachable,,,,,,,0,0,0,[],2026-01-14T18:23:57.857637
192.168.100.213,8883,closed_or_unreachable,closed_or_unreachable,,,,,,,0,0,0,[],2026-01-14T18:23:59.862207
192.168.100.194,1883,closed_or_unreachable,closed_or_unreachable,,,,,,,0,0,0,[],2026-01-14T18:23:57.856703
192.168.100.194,8883,closed_or_unreachable,closed_or_unreachable,,,,,,,0,0,0,[],2026-01-14T18:23:59.862417
192.168.100.218,1883,closed_or_unreachable,closed_or_unreachable,,,,,,,0,0,0,[],2026-01-14T18:23:57.856178
192.168.100.218,8883,closed_or_unreachable,closed_or_unreachable,,,,,,,0,0,0,[],2026-01-14T18:23:59.862489
192.168.100.226,1883,closed_or_unreachable,closed_or_unreachable,,,,,,,0,0,0,[],2026-01-14T18:23:57.857877
192.168.100.226,8883,closed_or_unreachable,closed_or_unreachable,,,,,,,0,0,0,[],2026-01-14T18:23:59.862564
192.168.100.197,1883,closed_or_unreachable,closed_or_unreachable,,,,,,,0,0,0,[],2026-01-14T18:23:57.855852
192.168.100.197,8883,closed_or_unreachable,closed_or_unreachable,,,,,,,0,0,0,[],2026-01-14T18:23:59.864036
192.168.100.234,1883,closed_or_unreachable,closed_or_unreachable,,,,,,,0,0,0,[],2026-01-14T18:23:57.856558
192.168.100.234,8883,closed_or_unreachable,closed_or_unreachable,,,,,,,0,0,0,[],2026-01-14T18:23:59.862672
192.168.100.200,1883,closed_or_unreachable,closed_or_unreachable,,,,,,,0,0,0,[],2026-01-14T18:23:57.856426
192.168.100.200,8883,closed_or_unreachable,closed_or_unreachable,,,,,,,0,0,0,[],2026-01-14T18:23:59.862707
192.168.100.228,1883,closed_or_unreachable,closed_or_unreachable,,,,,,,0,0,0,[],2026-01-14T18:23:57.858732
192.168.100.228,8883,closed_or_unreachable,closed_or_unreachable,,,,,,,0,0,0,[],2026-01-14T18:23:59.862813
192.168.100.208,1883,closed_or_unreachable,closed_or_unreachable,,,,,,,0,0,0,[],2026-01-14T18:23:57.855138
192.168.100.208,8883,closed_or_unreachable,closed_or_unreachable,,,,,,,0,0,0,[],2026-01-14T18:23:59.861103
192.168.100.214,1883,closed_or_unreachable,closed_or_unreachable,,,,,,,0,0,0,[],2026-01-14T18:23:57.856090
192.168.100.214,8883,closed_or_unreachable,closed_or_unreachable,,,,,,,0,0,0,[],2026-01-14T18:23:59.862940
192.168.100.195,1883,closed_or_unreachable,closed_or_unreachable,,,,,,,0,0,0,[],2026-01-14T18:23:57.855089
192.168.100.195,8883,closed_or_unreachable,closed_or_unreachable,,,,,,,0,0,0,[],2026-01-14T18:23:59.863322
192.168.100.201,1883,closed_or_unreachable,closed_or_unreachable,,,,,,,0,0,0,[],2026-01-14T18:23:57.855984
192.168.100.201,8883,closed_or_unreachable,closed_or_unreachable,,,,,,,0,0,0,[],2026-01-14T18:23:59.862320
192.168.100.196,1883,closed_or_unreachable,closed_or_unreachable,,,,,,,0,0,0,[],2026-01-14T18:23:57.856131
192.168.100.196,8883,closed_or_unreachable,closed_or_unreachable,,,,,,,0,0,0,[],2026-01-14T18:23:59.862388
192.168.100.237,1883,closed_or_unreachable,closed_or_unreachable,,,,,,,0,0,0,[],2026-01-14T18:23:57.856631
192.168.100.237,8883,closed_or_unreachable,closed_or_unreachable,,,,,,,0,0,0,[],2026-01-14T18:23:59.862630
192.168.100.212,1883,closed_or_unreachable,closed_or_unreachable,,,,,,,0,0,0,[],2026-01-14T18:23:57.856015
192.168.100.212,8883,closed_or_unreachable,closed_or_unreachable,,,,,,,0,0,0,[],2026-01-14T18:23:59.864538
192.168.100.232,1883,closed_or_unreachable,closed_or_unreachable,,,,,,,0,0,0,[],2026-01-14T18:23:57.855298
192.168.100.232,8883,closed_or_unreachable,closed_or_unreachable,,,,,,,0,0,0,[],2026-01-14T18:23:59.864634
192.168.100.240,1883,closed_or_unreachable,closed_or_unreachable,,,,,,,0,0,0,[],2026-01-14T18:23:57.871265
192.168.100.240,8883,closed_or_unreachable,closed_or_unreachable,,,,,,,0,0,0,[],2026-01-14T18:23:59.876853
192.168.100.244,1883,closed_or_unreachable,closed_or_unreachable,,,,,,,0,0,0,[],2026-01-14T18:23:57.871447
192.168.100.244,8883,closed_or_unreachable,closed_or_unreachable,,,,,,,0,0,0,[],2026-01-14T18:23:59.877008
192.168.100.245,1883,closed_or_unreachable,closed_or_unreachable,,,,,,,0,0,0,[],2026-01-14T18:23:57.871770
192.168.100.245,8883,closed_or_unreachable,closed_or_unreachable,,,,,,,0,0,0,[],2026-01-14T18:23:59.877191
192.168.100.250,1883,closed_or_unreachable,closed_or_unreachable,,,,,,,0,0,0,[],2026-01-14T18:23:57.871812
192.168.100.250,8883,closed_or_unreachable,closed_or_unreachable,,,,,,,0,0,0,[],2026-01-14T18:23:59.876789
192.168.100.247,1883,closed_or_unreachable,closed_or_unreachable,,,,,,,0,0,0,[],2026-01-14T18:23:57.871537
192.168.100.247,8883,closed_or_unreachable,closed_or_unreachable,,,,,,,0,0,0,[],2026-01-14T18:23:59.876699
192.168.100.239,1883,closed_or_unreachable,closed_or_unreachable,,,,,,,0,0,0,[],2026-01-14T18:23:57.871644
192.168.100.239,8883,closed_or_unreachable,closed_or_unreachable,,,,,,,0,0,0,[],2026-01-14T18:23:59.876899
192.168.100.238,1883,closed_or_unreachable,closed_or_unreachable,,,,,,,0,0,0,[],2026-01-14T18:23:57.871140
192.168.100.238,8883,closed_or_unreachable,closed_or_unreachable,,,,,,,0,0,0,[],2026-01-14T18:23:59.877047
192.168.100.246,1883,closed_or_unreachable,closed_or_unreachable,,,,,,,0,0,0,[],2026-01-14T18:23:57.871592
192.168.100.246,8883,closed_or_unreachable,closed_or_unreachable,,,,,,,0,0,0,[],2026-01-14T18:23:59.877677
192.168.100.242,1883,closed_or_unreachable,closed_or_unreachable,,,,,,,0,0,0,[],2026-01-14T18:23:57.871381
192.168.100.242,8883,closed_or_unreachable,closed_or_unreachable,,,,,,,0,0,0,[],2026-01-14T18:23:59.877139
192.168.100.248,1883,closed_or_unreachable,closed_or_unreachable,,,,,,,0,0,0,[],2026-01-14T18:23:57.871489
192.168.100.248,8883,closed_or_unreachable,closed_or_unreachable,,,,,,,0,0,0,[],2026-01-14T18:23:59.877339
192.168.100.243,1883,closed_or_unreachable,closed_or_unreachable,,,,,,,0,0,0,[],2026-01-14T18:23:57.871419
192.168.100.243,8883,closed_or_unreachable,closed_or_unreachable,,,,,,,0,0,0,[],2026-01-14T18:23:59.877523
192.168.100.249,1883,closed_or_unreachable,closed_or_unreachable,,,,,,,0,0,0,[],2026-01-14T18:23:57.871215
192.168.100.249,8883,closed_or_unreachable,closed_or_unreachable,,,,,,,0,0,0,[],2026-01-14T18:23:59.877247
192.168.100.241,1883,closed_or_unreachable,closed_or_unreachable,,,,,,,0,0,0,[],2026-01-14T18:23:57.871712
192.168.100.241,8883,closed_or_unreachable,closed_or_unreachable,,,,,,,0,0,0,[],2026-01-14T18:23:59.877809
192.168.100.252,1883,closed_or_unreachable,closed_or_unreachable,,,,,,,0,0,0,[],2026-01-14T18:23:57.886608
192.168.100.252,8883,closed_or_unreachable,closed_or_unreachable,,,,,,,0,0,0,[],2026-01-14T18:23:59.892409
192.168.100.254,1883,closed_or_unreachable,closed_or_unreachable,,,,,,,0,0,0,[],2026-01-14T18:23:57.886717
192.168.100.254,8883,closed_or_unreachable,closed_or_unreachable,,,,,,,0,0,0,[],2026-01-14T18:23:59.892463
192.168.100.251,1883,closed_or_unreachable,closed_or_unreachable,,,,,,,0,0,0,[],2026-01-14T18:23:57.886502
192.168.100.251,8883,closed_or_unreachable,closed_or_unreachable,,,,,,,0,0,0,[],2026-01-14T18:23:59.892353
192.168.100.253,1883,closed_or_unreachable,closed_or_unreachable,,,,,,,0,0,0,[],2026-01-14T18:23:57.886656
192.168.100.253,8883,closed_or_unreachable,closed_or_unreachable,,,,,,,0,0,0,[],2026-01-14T18:23:59.892543
192.168.100.57,1883,connected,open_or_auth_ok,False,Not a TLS port,,,,,51,0,51,"[{""topic"": ""test/temperature"", ""payload"": ""{\""value\"": 23.5, \""unit\"": \""C\"", \""timestamp\"": \""2025-10-27T01:11:55.569751\""}"", ""payload_size"": 71, ""qos"": 0, ""retained"": true, ""message_count"": 1, ""client_id_note"": ""Unknown - MQTT v3.x limitation""}, {""topic"": ""test/humidity"", ""payload"": ""{\""value\"": 65, \""unit\"": \""%\"", \""timestamp\"": \""2025-10-27T01:11:56.070123\""}"", ""payload_size"": 69, ""qos"": 0, ""retained"": true, ""message_count"": 1, ""client_id_note"": ""Unknown - MQTT v3.x limitation""}, {""topic"": ""test/status"", ""payload"": ""{\""online\"": true, \""device\"": \""test_sensor\"", \""timestamp\"": \""2025-10-27T01:11:56.570699\""}"", ""payload_size"": 84, ""qos"": 0, ""retained"": true, ""message_count"": 1, ""client_id_note"": ""Unknown - MQTT v3.x limitation""}, {""topic"": ""sensors/living_room/temp"", ""payload"": ""{\""temperature\"": 22.1, \""timestamp\"": \""2025-10-27T01:11:57.071302\""}"", ""payload_size"": 64, ""qos"": 0, ""retained"": true, ""message_count"": 1, ""client_id_note"": ""Unknown - MQTT v3.x limitation""}, {""topic"": ""sensors/bedroom/humidity"", ""payload"": ""{\""humidity\"": 58, \""timestamp\"": \""2025-10-27T01:11:57.572136\""}"", ""payload_size"": 59, ""qos"": 0, ""retained"": true, ""message_count"": 1, ""client_id_note"": ""Unknown - MQTT v3.x limitation""}, {""topic"": ""sensors/hanif/dht11"", ""payload"": ""{\""temp_c\"":31.9,\""hum_pct\"":51.0,\""device\"":\""esp32-dht11\""}"", ""payload_size"": 53, ""qos"": 0, ""retained"": true, ""message_count"": 1, ""client_id_note"": ""Unknown - MQTT v3.x limitation""}, {""topic"": ""sensors/hanif/pir_insecure"", ""payload"": ""{\""pir\"":1}"", ""payload_size"": 9, ""qos"": 0, ""retained"": true, ""message_count"": 1, ""client_id_note"": ""Unknown - MQTT v3.x limitation""}, {""topic"": ""sensors/faris/pir_insecure"", ""payload"": ""{\""pir\"":1}"", ""payload_size"": 9, ""qos"": 0, ""retained"": true, ""message_count"": 1, ""client_id_note"": ""Unknown - MQTT v3.x limitation""}]",2026-01-14T18:23:55.784104
192.168.100.57,8883,connected,open_or_auth_ok,True,,,,,,81,0,51,"[{""topic"": ""sensors/faris/dht_secure"", ""payload"": ""{\""temp_c\"":30.8,\""hum_pct\"":58.0}"", ""payload_size"": 30, ""qos"": 0, ""retained"": true, ""message_count"": 1, ""client_id_note"": ""Unknown - MQTT v3.x limitation""}, {""topic"": ""sensors/faris/ldr_secure"", ""payload"": ""{\""ldr_pct\"":44.5,\""ldr_raw\"":1823}"", ""payload_size"": 31, ""qos"": 0, ""retained"": true, ""message_count"": 1, ""client_id_note"": ""Unknown - MQTT v3.x limitation""}]",2026-01-14T18:24:02.003034
